<?xml version="1.0" encoding="UTF-8"?>
<project-private xmlns="http://www.netbeans.org/ns/project-private/1">
    <editor-bookmarks xmlns="http://www.netbeans.org/ns/editor-bookmarks/1"/>
    <open-files xmlns="http://www.netbeans.org/ns/projectui-open-files/1">
        <file>file:/C:/works/production/jdevplus/SCJDSampleProject/jdevplus/src/com/unitedcaterers/db/DataBaseImpl.java</file>
        <file>file:/C:/works/production/jdevplus/SCJDSampleProject/jdevplus/src/com/unitedcaterers/server/UCServerImpl.java</file>
        <file>file:/C:/works/production/jdevplus/SCJDSampleProject/jdevplus/src/com/unitedcaterers/db/DataBase.java</file>
        <file>file:/C:/works/production/jdevplus/SCJDSampleProject/jdevplus/src/com/unitedcaterers/ClientMain.java</file>
        <file>file:/C:/works/production/jdevplus/SCJDSampleProject/jdevplus/src/com/unitedcaterers/UCServerFactory.java</file>
        <file>file:/C:/works/production/jdevplus/SCJDSampleProject/jdevplus/src/com/unitedcaterers/UCServer.java</file>
        <file>file:/C:/works/production/jdevplus/SCJDSampleProject/jdevplus/src/com/unitedcaterers/client/ClientController.java</file>
        <file>file:/C:/works/production/jdevplus/SCJDSampleProject/jdevplus/src/com/unitedcaterers/ApplicationMain.java</file>
        <file>file:/C:/works/production/jdevplus/SCJDSampleProject/jdevplus/src/com/unitedcaterers/client/ClientFrame.java</file>
    </open-files>
</project-private>
